[
  {
    "id": "f3476841-2867-4550-9ec3-c9bdac18f069",
    "data": [
      {
        "text": "all ",
        "userDefined": false
      },
      {
        "text": "mumit sarkar",
        "meta": "@sys.person",
        "alias": "person",
        "userDefined": false
      }
    ],
    "isTemplate": false,
    "count": 0,
    "lang": "en",
    "updated": 0
  },
  {
    "id": "120558d3-e1bc-4398-8267-13bf5fb3c421",
    "data": [
      {
        "text": "all of mumit",
        "userDefined": false
      }
    ],
    "isTemplate": false,
    "count": 0,
    "lang": "en",
    "updated": 0
  },
  {
    "id": "3740ef1b-6e77-4244-8d96-625b3fc7c964",
    "data": [
      {
        "text": "all of abdul ",
        "userDefined": false
      },
      {
        "text": "mumit",
        "meta": "@sys.person",
        "alias": "person",
        "userDefined": false
      }
    ],
    "isTemplate": false,
    "count": 0,
    "lang": "en",
    "updated": 0
  },
  {
    "id": "ce3a30ab-7746-4ba0-a275-279bb650fe6a",
    "data": [
      {
        "text": "all of ",
        "userDefined": false
      },
      {
        "text": "Abdul",
        "meta": "@doctors",
        "alias": "doctors",
        "userDefined": false
      },
      {
        "text": " Mumit ",
        "userDefined": false
      },
      {
        "text": "Sarkar",
        "meta": "@sys.person",
        "alias": "person",
        "userDefined": false
      }
    ],
    "isTemplate": false,
    "count": 0,
    "lang": "en",
    "updated": 0
  },
  {
    "id": "8a01418b-7b33-479b-abc9-7148978b2a52",
    "data": [
      {
        "text": "all about of ",
        "userDefined": false
      },
      {
        "text": "Dr. Md. Abdul",
        "meta": "@doctors",
        "alias": "doctors",
        "userDefined": false
      },
      {
        "text": " ",
        "userDefined": false
      },
      {
        "text": "Mumit Sarkar",
        "meta": "@sys.person",
        "alias": "person",
        "userDefined": false
      }
    ],
    "isTemplate": false,
    "count": 0,
    "lang": "en",
    "updated": 0
  }
]