[
  {
    "id": "0b040415-febe-41c8-87e9-432ab781876d",
    "data": [
      {
        "text": "all ",
        "userDefined": false
      },
      {
        "text": "abdul alim",
        "meta": "@sys.person",
        "alias": "person",
        "userDefined": false
      }
    ],
    "isTemplate": false,
    "count": 0,
    "lang": "en",
    "updated": 0
  },
  {
    "id": "b3475a42-2d8a-46f4-a3dc-07d01be9edb3",
    "data": [
      {
        "text": "all about ",
        "userDefined": false
      },
      {
        "text": "abdul alim",
        "meta": "@sys.person",
        "alias": "person",
        "userDefined": false
      }
    ],
    "isTemplate": false,
    "count": 0,
    "lang": "en",
    "updated": 0
  },
  {
    "id": "55d8f732-e363-4dec-a141-6542b932eb22",
    "data": [
      {
        "text": "abdul alim",
        "userDefined": false
      }
    ],
    "isTemplate": false,
    "count": 0,
    "lang": "en",
    "updated": 0
  },
  {
    "id": "0d775d61-d57b-4b0e-b3f4-84bf6dee5417",
    "data": [
      {
        "text": "please",
        "userDefined": false
      }
    ],
    "isTemplate": false,
    "count": 0,
    "lang": "en",
    "updated": 0
  },
  {
    "id": "4e98a703-e541-48c4-8e69-3006748a4a5b",
    "data": [
      {
        "text": "all",
        "userDefined": false
      }
    ],
    "isTemplate": false,
    "count": 0,
    "lang": "en",
    "updated": 0
  },
  {
    "id": "fef1c559-0c4c-4a32-b90c-b22f519821c5",
    "data": [
      {
        "text": "yes i want all",
        "userDefined": false
      }
    ],
    "isTemplate": false,
    "count": 0,
    "lang": "en",
    "updated": 0
  }
]