[
  {
    "id": "7e33bf6a-516f-40a3-ab79-652b662247f0",
    "data": [
      {
        "text": "help me",
        "userDefined": false
      }
    ],
    "isTemplate": false,
    "count": 0,
    "lang": "en",
    "updated": 0
  },
  {
    "id": "71236a44-a13b-41a0-9c6b-77aad5ce1caa",
    "data": [
      {
        "text": "problem",
        "userDefined": false
      }
    ],
    "isTemplate": false,
    "count": 0,
    "lang": "en",
    "updated": 0
  },
  {
    "id": "a361315b-4423-4695-9e36-b08505e3a3f9",
    "data": [
      {
        "text": "i have so many problem right now.",
        "userDefined": false
      }
    ],
    "isTemplate": false,
    "count": 0,
    "lang": "en",
    "updated": 0
  },
  {
    "id": "98fa7f28-dbd7-43d3-b2ca-7e0be430d715",
    "data": [
      {
        "text": "i have a problem",
        "userDefined": false
      }
    ],
    "isTemplate": false,
    "count": 0,
    "lang": "en",
    "updated": 0
  },
  {
    "id": "7da79195-dc3b-4de1-84ce-28342d0354aa",
    "data": [
      {
        "text": "problem facing",
        "userDefined": false
      }
    ],
    "isTemplate": false,
    "count": 0,
    "lang": "en",
    "updated": 0
  }
]