[
  {
    "id": "bc1b67ba-d0d5-4ffb-9baa-896c45f4a8f8",
    "data": [
      {
        "text": "Mumit",
        "userDefined": false
      }
    ],
    "isTemplate": false,
    "count": 0,
    "lang": "en",
    "updated": 0
  },
  {
    "id": "c41afd68-d1d0-43eb-9410-e7100e46d724",
    "data": [
      {
        "text": "Mumit Sarkar",
        "meta": "@sys.person",
        "alias": "person",
        "userDefined": false
      }
    ],
    "isTemplate": false,
    "count": 0,
    "lang": "en",
    "updated": 0
  },
  {
    "id": "a651e4af-100f-4307-8b6f-c5a57b304be3",
    "data": [
      {
        "text": "Abdul ",
        "userDefined": false
      },
      {
        "text": "Mumit Sarkar",
        "meta": "@sys.person",
        "alias": "person",
        "userDefined": false
      }
    ],
    "isTemplate": false,
    "count": 0,
    "lang": "en",
    "updated": 0
  },
  {
    "id": "dcf951a9-eac3-4c1c-8b67-020a21ad2be4",
    "data": [
      {
        "text": "Dr. Md. Abdul Mumit Sarkar",
        "userDefined": false
      }
    ],
    "isTemplate": false,
    "count": 0,
    "lang": "en",
    "updated": 0
  }
]