[
  {
    "id": "d9c9f334-4fe8-411d-a0d3-05152003fc21",
    "data": [
      {
        "text": "Shuvashis",
        "meta": "@sys.person",
        "alias": "person",
        "userDefined": false
      }
    ],
    "isTemplate": false,
    "count": 0,
    "lang": "en",
    "updated": 0
  },
  {
    "id": "90678e69-f119-422b-8aa3-ffc4421df9a6",
    "data": [
      {
        "text": "Shuvashis Saha",
        "meta": "@sys.person",
        "alias": "person",
        "userDefined": false
      }
    ],
    "isTemplate": false,
    "count": 0,
    "lang": "en",
    "updated": 0
  },
  {
    "id": "8fb7efa2-84bc-493b-a4e5-eb1eb860a023",
    "data": [
      {
        "text": "Dr. Shuvashis Saha Shuvo",
        "meta": "@sys.person",
        "alias": "person",
        "userDefined": false
      }
    ],
    "isTemplate": false,
    "count": 0,
    "lang": "en",
    "updated": 0
  }
]