[
  {
    "id": "6782caca-c77a-40de-8684-500ac0887e2a",
    "data": [
      {
        "text": "mahafuzzaman",
        "meta": "@sys.person",
        "alias": "person",
        "userDefined": false
      },
      {
        "text": " appointment",
        "userDefined": false
      }
    ],
    "isTemplate": false,
    "count": 0,
    "lang": "en",
    "updated": 0
  },
  {
    "id": "24560e43-6869-4a68-8638-803afccf19d2",
    "data": [
      {
        "text": "mahafuzzaman",
        "meta": "@sys.person",
        "alias": "person",
        "userDefined": false
      },
      {
        "text": " appointment details",
        "userDefined": false
      }
    ],
    "isTemplate": false,
    "count": 0,
    "lang": "en",
    "updated": 0
  },
  {
    "id": "50b9455c-dfbc-446f-8a16-7a50e6b168e7",
    "data": [
      {
        "text": "what is the appointment date, fee and number of Mahafuzzaman?",
        "userDefined": false
      }
    ],
    "isTemplate": false,
    "count": 0,
    "lang": "en",
    "updated": 0
  },
  {
    "id": "394b3488-e6d6-479d-b4d9-e60f57bee799",
    "data": [
      {
        "text": "yes all",
        "userDefined": false
      }
    ],
    "isTemplate": false,
    "count": 0,
    "lang": "en",
    "updated": 0
  }
]