[
  {
    "id": "18a2a11b-c6f0-4bad-bac0-b9c0cf788251",
    "data": [
      {
        "text": "alim",
        "userDefined": false
      }
    ],
    "isTemplate": false,
    "count": 0,
    "lang": "en",
    "updated": 0
  },
  {
    "id": "31ab1d9a-8d40-4405-a5bf-150df00ee0fb",
    "data": [
      {
        "text": "abdulalim",
        "userDefined": false
      }
    ],
    "isTemplate": false,
    "count": 0,
    "lang": "en",
    "updated": 0
  },
  {
    "id": "086a1196-dcec-4df2-b3e4-027378465577",
    "data": [
      {
        "text": "abdul alim",
        "userDefined": false
      }
    ],
    "isTemplate": false,
    "count": 0,
    "lang": "en",
    "updated": 0
  },
  {
    "id": "d3a77f79-e786-4697-877d-c409b25a18a6",
    "data": [
      {
        "text": " Prof. Dr. Md. Abdul Alim",
        "userDefined": false
      }
    ],
    "isTemplate": false,
    "count": 0,
    "lang": "en",
    "updated": 0
  }
]