[
  {
    "id": "a3a90839-47d4-41a4-8df5-05d0e96cfb80",
    "data": [
      {
        "text": "shuvashis all",
        "userDefined": false
      }
    ],
    "isTemplate": false,
    "count": 0,
    "lang": "en",
    "updated": 0
  },
  {
    "id": "600bd5ec-eb7b-4e00-b403-b98bdc356b36",
    "data": [
      {
        "text": "all shuvashis",
        "meta": "@sys.person",
        "alias": "person",
        "userDefined": false
      }
    ],
    "isTemplate": false,
    "count": 0,
    "lang": "en",
    "updated": 0
  },
  {
    "id": "aa571e73-786d-4e81-8ad5-8115029ed8f1",
    "data": [
      {
        "text": "all of suvashis",
        "userDefined": false
      }
    ],
    "isTemplate": false,
    "count": 0,
    "lang": "en",
    "updated": 0
  },
  {
    "id": "b09fdeea-4254-469f-849d-15cd9b2252c9",
    "data": [
      {
        "text": "all suvasis",
        "userDefined": false
      }
    ],
    "isTemplate": false,
    "count": 0,
    "lang": "en",
    "updated": 0
  }
]