[
  {
    "id": "a8210593-39e6-46bb-a1fd-a13a2bc9a905",
    "data": [
      {
        "text": "cramping nauseous",
        "userDefined": false
      }
    ],
    "isTemplate": false,
    "count": 0,
    "lang": "en",
    "updated": 0
  },
  {
    "id": "75f223dd-d53b-4cd5-ba62-86bac665ebfa",
    "data": [
      {
        "text": "cramping",
        "userDefined": false
      }
    ],
    "isTemplate": false,
    "count": 0,
    "lang": "en",
    "updated": 0
  },
  {
    "id": "3b764e7b-9ceb-40c0-a879-31252c058f07",
    "data": [
      {
        "text": "cramping and constant nauseous",
        "userDefined": false
      }
    ],
    "isTemplate": false,
    "count": 0,
    "lang": "en",
    "updated": 0
  },
  {
    "id": "71255412-8fd9-4b19-9ee3-cacc672b94a8",
    "data": [
      {
        "text": "nauseous sometimes.",
        "userDefined": false
      }
    ],
    "isTemplate": false,
    "count": 0,
    "lang": "en",
    "updated": 0
  },
  {
    "id": "87ada8b6-8a51-4832-bddb-ea7100deb947",
    "data": [
      {
        "text": "cramping and constant.",
        "userDefined": false
      }
    ],
    "isTemplate": false,
    "count": 0,
    "lang": "en",
    "updated": 0
  },
  {
    "id": "3e308ba6-7e1e-4e87-a65f-687fd9e7a590",
    "data": [
      {
        "text": "It\u0027s cramping and constant. I feel nauseous sometimes.",
        "userDefined": false
      }
    ],
    "isTemplate": false,
    "count": 0,
    "lang": "en",
    "updated": 0
  }
]