[
  {
    "id": "86d0baf1-658b-40af-9f55-a899a9b8ec0c",
    "data": [
      {
        "text": "stomach",
        "userDefined": false
      }
    ],
    "isTemplate": false,
    "count": 0,
    "lang": "en",
    "updated": 0
  },
  {
    "id": "e3879289-f4a4-418a-ac6f-ec156f8ceb3d",
    "data": [
      {
        "text": "stomach pain.",
        "userDefined": false
      }
    ],
    "isTemplate": false,
    "count": 0,
    "lang": "en",
    "updated": 0
  },
  {
    "id": "3c07b6a8-1a5d-4dc9-926d-197d76d41648",
    "data": [
      {
        "text": "pain in stomach.",
        "userDefined": false
      }
    ],
    "isTemplate": false,
    "count": 0,
    "lang": "en",
    "updated": 0
  },
  {
    "id": "936f88e2-39bb-4707-98ad-7422bfe4c616",
    "data": [
      {
        "text": "I am having pain in my stomach.",
        "userDefined": false
      }
    ],
    "isTemplate": false,
    "count": 0,
    "lang": "en",
    "updated": 0
  }
]