[
  {
    "value": "Prof. Dr. Md. Abdul Alim",
    "synonyms": [
      "Prof. Dr. Md. Abdul Alim",
      "Dr.Abdul Alim",
      "abdul alim"
    ]
  },
  {
    "value": "Dr. Md. Mahafuzzaman",
    "synonyms": [
      "Dr. Md. Mahafuzzaman",
      "Mahafuzzaman",
      "Dr.Mahafuzzaman"
    ]
  },
  {
    "value": "Dr. Shuvashis Saha Shuvo",
    "synonyms": [
      "Dr. Shuvashis Saha Shuvo",
      "Shuvashis Saha",
      "Saha Shuvo",
      "Shuvo"
    ]
  },
  {
    "value": "Dr. Md. Abdul Mumit Sarkar",
    "synonyms": [
      "Dr. Md. Abdul Mumit Sarkar",
      "Abdul Mumit Sarkar",
      "Mumit Sarkar",
      "Abdul Mumit",
      "Mumit"
    ]
  }
]